free_text,subject,grade,book,url,source
Khả năng và ứng dụng thực tế của máy tính,Tin học,9,Cánh Diều,https://hoc24.vn/ly-thuyet/bai-2-kha-nang-va-ung-dung-thuc-te-cua-may-tinh.1409841,hoc24
Một số đặc điểm quan trọng của thông tin trong giải quyết vấn đề,Tin học,9,Cánh Diều,https://hoc24.vn/ly-thuyet/bai-1-mot-so-dac-diem-quan-trong-cua-thong-tin-trong-giai-quyet-van-de.1409929,hoc24
Một số tác động tiêu cực của công nghệ kĩ thuật số,Tin học,9,Cánh Diều,https://hoc24.vn/ly-thuyet/bai-1-mot-so-tac-dong-tieu-cuc-cua-cong-nghe-ki-thuat-so.1410082,hoc24
"Khía cạnh pháp lí, đạo đức, văn hóa của việc trao đổi thông tin qua mạng",Tin học,9,Cánh Diều,https://hoc24.vn/ly-thuyet/bai-2-khia-canh-phap-li-dao-duc-van-hoa-cua-viec-trao-doi-thong-tin-qua-mang.1410142,hoc24
Phần mềm mô phỏng và ứng dụng,Tin học,9,Cánh Diều,https://hoc24.vn/ly-thuyet/bai-1-phan-mem-mo-phong-va-ung-dung.1410217,hoc24
Thực hành xác định bài toán và tìm thuật toán,Tin học,9,Cánh Diều,https://hoc24.vn/ly-thuyet/bai-2-thuc-hanh-xac-dinh-bai-toan-va-tim-thuat-toan.1411878,hoc24
Nhóm nghề Phân tích và phát triển phần mề và các ứng dụng,Tin học,9,Cánh Diều,https://hoc24.vn/ly-thuyet/bai-1-nhom-nghe-phan-tich-va-phat-trien-phan-me-va-cac-ung-dung.1412100,hoc24
Nhóm nghề Đa phương tiện và nhóm nghề Vận hành hệ thống thông tin,Tin học,9,Cánh Diều,https://hoc24.vn/ly-thuyet/bai-2-nhom-nghe-da-phuong-tien-va-nhom-nghe-van-hanh-he-thong-thong-tin.1412152,hoc24
Thế giới kĩ thuật số,Tin học,9,Kết Nối Tri Thức Với Cuộc Sống,https://hoc24.vn/ly-thuyet/bai-1-the-gioi-ki-thuat-so.1405321,hoc24
Vai trò của máy tính trong đời sống,Tin học,9,Chân Trời Sáng Tạo,https://hoc24.vn/ly-thuyet/bai-1-vai-tro-cua-may-tinh-trong-doi-song.1407459,hoc24
Khai thác thông tin số trong các hoạt động kinh tế xã hội,Tin học,8,Cánh Diều,https://hoc24.vn/ly-thuyet/bai-2-khai-thac-thong-tin-so-trong-cac-hoat-dong-kinh-te-xa-hoi.679374,hoc24
Bài học: Sử dụng công nghệ kĩ thuật số có đạo đức và văn hóa,Tin học,8,Cánh Diều,https://hoc24.vn/ly-thuyet/bai-hoc-su-dung-cong-nghe-ki-thuat-so-co-dao-duc-va-van-hoa.679541,hoc24
Vùng chọn và ứng dụng,Tin học,8,Cánh Diều,https://hoc24.vn/ly-thuyet/bai-2-vung-chon-va-ung-dung.680848,hoc24
Tin học và ứng dụng,Tin học,8,Cánh Diều,https://hoc24.vn/ly-thuyet/bai-1-tin-hoc-va-ung-dung.681913,hoc24
Đạo đức và văn hóa trong sử dụng công nghệ kĩ thuật số,Tin học,8,Kết Nối Tri Thức Với Cuộc Sống,https://hoc24.vn/ly-thuyet/bai-4-dao-duc-va-van-hoa-trong-su-dung-cong-nghe-ki-thuat-so.717148,hoc24
Từ thuật toán đến chương trình,Tin học,8,Kết Nối Tri Thức Với Cuộc Sống,https://hoc24.vn/ly-thuyet/bai-12-tu-thuat-toan-den-chuong-trinh.717989,hoc24
Sử dụng công nghệ kĩ thuật số,Tin học,8,Chân Trời Sáng Tạo,https://hoc24.vn/ly-thuyet/bai-4-su-dung-cong-nghe-ki-thuat-so.685879,hoc24
"Thuật toán, chương trình máy tính",Tin học,8,Chân Trời Sáng Tạo,https://hoc24.vn/ly-thuyet/bai-12-thuat-toan-chuong-trinh-may-tinh.686795,hoc24
Cách mạng tư sản ở châu Âu và Bắc Mỹ,Lịch sử và Địa lý,8,Cánh Diều,https://hoc24.vn/ly-thuyet/bai-1-cach-mang-tu-san-o-chau-au-va-bac-my.743768,hoc24
Cách mạng công nghiệp,Lịch sử và Địa lý,8,Cánh Diều,https://hoc24.vn/ly-thuyet/bai-2-cach-mang-cong-nghiep.743836,hoc24
Quá trình khai phá của Đại Việt trong các thế kỉ XVI - XVIII,Lịch sử và Địa lý,8,Cánh Diều,https://hoc24.vn/ly-thuyet/bai-5-qua-trinh-khai-pha-cua-dai-viet-trong-cac-the-ki-xvi-xviii.744034,hoc24
Chiến tranh thế giới thứ nhất (1914 - 1918) và cách mạng tháng mười Nga năm 1917,Lịch sử và Địa lý,8,Cánh Diều,https://hoc24.vn/ly-thuyet/bai-11-chien-tranh-the-gioi-thu-nhat-1914-1918-va-cach-mang-thang-muoi-nga-nam-1917.744800,hoc24
"Sự phát triển của khoa học, kĩ thuật, văn học, nghệ thuật trong các thế kỉ XVIII - XIX",Lịch sử và Địa lý,8,Cánh Diều,https://hoc24.vn/ly-thuyet/bai-12-su-phat-trien-cua-khoa-hoc-ki-thuat-van-hoc-nghe-thuat-trong-cac-the-ki-xviii-xix.744857,hoc24
Đặc điểm chung của sinh vật và vấn để bảo tồn đa dạng sinh học ở Việt Nam,Lịch sử và Địa lý,8,Cánh Diều,https://hoc24.vn/ly-thuyet/bai-10-dac-diem-chung-cua-sinh-vat-va-van-de-bao-ton-da-dang-sinh-hoc-o-viet-nam.746551,hoc24
Phạm vi Biển Đông. Các vùng biển của Việt Nam ở Biển Đông: Đặc điểm tự nhiên vùng biển đảo Việt Nam,Lịch sử và Địa lý,8,Cánh Diều,https://hoc24.vn/ly-thuyet/bai-11-pham-vi-bien-dong-cac-vung-bien-cua-viet-nam-o-bien-dong-dac-diem-tu-nhien-vung-bien-dao-viet-nam.746607,hoc24
Cách mạng tư sản Anh và chiến tranh giành độc lập của 13 thuộc địa Anh ở Bắc Mỹ,Lịch sử và Địa lý,8,Kết Nối Tri Thức Với Cuộc Sống,https://hoc24.vn/ly-thuyet/bai-1-cach-mang-tu-san-anh-va-chien-tranh-gianh-doc-lap-cua-13-thuoc-dia-anh-o-bac-my.653348,hoc24
Cách mạng tư sản Pháp cuối thế kỉ XVIII,Lịch sử và Địa lý,8,Kết Nối Tri Thức Với Cuộc Sống,https://hoc24.vn/ly-thuyet/bai-2-cach-mang-tu-san-phap-cuoi-the-ki-xviii.653411,hoc24
"Sự phát triển của khoa học, kĩ thuật, văn học,nghệ thuật trong các thế kỉ XVIII - XIX",Lịch sử và Địa lý,8,Kết Nối Tri Thức Với Cuộc Sống,https://hoc24.vn/ly-thuyet/bai-13-su-phat-trien-cua-khoa-hoc-ki-thuat-van-hocnghe-thuat-trong-cac-the-ki-xviii-xix.657093,hoc24
Vai trò của tài nguyên khí hậu và tài nguyên nước đối với sự phát triển kinh tế - xã hội của nước ta,Lịch sử và Địa lý,8,Kết Nối Tri Thức Với Cuộc Sống,https://hoc24.vn/ly-thuyet/bai-7-vai-tro-cua-tai-nguyen-khi-hau-va-tai-nguyen-nuoc-doi-voi-su-phat-trien-kinh-te-xa-hoi-cua-nuoc-ta.658095,hoc24
Phạm vi biển đông. vùng biển đảo và đặc điểm tự nhiên vùng biển đảo Việt Nam,Lịch sử và Địa lý,8,Kết Nối Tri Thức Với Cuộc Sống,https://hoc24.vn/ly-thuyet/bai-11-pham-vi-bien-dong-vung-bien-dao-va-dac-diem-tu-nhien-vung-bien-dao-viet-nam.658433,hoc24
Các cuộc cách mạng tư sản ở châu Âu và Bắc Mỹ,Lịch sử và Địa lý,8,Chân Trời Sáng Tạo,https://hoc24.vn/ly-thuyet/bai-1-cac-cuoc-cach-mang-tu-san-o-chau-au-va-bac-my.747436,hoc24
Quá trình khai phá vùng đất phía Nam của người Việt từ thế kỉ XVI đến thế kỉ XVIII,Lịch sử và Địa lý,8,Chân Trời Sáng Tạo,https://hoc24.vn/ly-thuyet/bai-5-qua-trinh-khai-pha-vung-dat-phia-nam-cua-nguoi-viet-tu-the-ki-xvi-den-the-ki-xviii.747729,hoc24
Cách mạng tháng Mười Nga năm 1917,Lịch sử và Địa lý,8,Chân Trời Sáng Tạo,https://hoc24.vn/ly-thuyet/bai-13-cach-mang-thang-muoi-nga-nam-1917.748288,hoc24
Trào lưu cải cách ở Việt Nam nửa cuối thế kỉ XIX,Lịch sử và Địa lý,8,Chân Trời Sáng Tạo,https://hoc24.vn/ly-thuyet/bai-22-trao-luu-cai-cach-o-viet-nam-nua-cuoi-the-ki-xix.748930,hoc24
Đặc điểm vị trí địa lí và phạm vi lãnh thổ,Lịch sử và Địa lý,8,Chân Trời Sáng Tạo,https://hoc24.vn/ly-thuyet/bai-1-dac-diem-vi-tri-dia-li-va-pham-vi-lanh-tho.749456,hoc24
Đặc điểm địa hình,Lịch sử và Địa lý,8,Chân Trời Sáng Tạo,https://hoc24.vn/ly-thuyet/bai-2-dac-diem-dia-hinh.749548,hoc24
"Đặc điểm chung của tài nguyên khoáng sản, sử dụng hợp lí tài nguyên khoáng sản",Lịch sử và Địa lý,8,Chân Trời Sáng Tạo,https://hoc24.vn/ly-thuyet/bai-4-dac-diem-chung-cua-tai-nguyen-khoang-san-su-dung-hop-li-tai-nguyen-khoang-san.749734,hoc24
Thực hành: Phân tích đặc điểm phân bố các loại khoáng sản chủ yếu,Lịch sử và Địa lý,8,Chân Trời Sáng Tạo,https://hoc24.vn/ly-thuyet/bai-5-thuc-hanh-phan-tich-dac-diem-phan-bo-cac-loai-khoang-san-chu-yeu.749792,hoc24
Đặc điểm khí hậu,Lịch sử và Địa lý,8,Chân Trời Sáng Tạo,https://hoc24.vn/ly-thuyet/bai-6-dac-diem-khi-hau.749852,hoc24
Đặc điểm thủy sản,Lịch sử và Địa lý,8,Chân Trời Sáng Tạo,https://hoc24.vn/ly-thuyet/bai-8-dac-diem-thuy-san.749993,hoc24
Vai trò của tài nguyên khí hậu và tài nguyên nước,Lịch sử và Địa lý,8,Chân Trời Sáng Tạo,https://hoc24.vn/ly-thuyet/bai-10-vai-tro-cua-tai-nguyen-khi-hau-va-tai-nguyen-nuoc.750176,hoc24
Đặc điểm chung và sự phân bố của lớp phủ thổ nhưỡng,Lịch sử và Địa lý,8,Chân Trời Sáng Tạo,https://hoc24.vn/ly-thuyet/bai-11-dac-diem-chung-va-su-phan-bo-cua-lop-phu-tho-nhuong.750233,hoc24
Đặc điểm của sinh vật và vấn đề bảo tồn đa dạng sinh học,Lịch sử và Địa lý,8,Chân Trời Sáng Tạo,https://hoc24.vn/ly-thuyet/bai-13-dac-diem-cua-sinh-vat-va-van-de-bao-ton-da-dang-sinh-hoc.750380,hoc24
"Đặc điểm tự nhiên, môi trường và tài nguyên vùng biển đảo Việt Nam",Lịch sử và Địa lý,8,Chân Trời Sáng Tạo,https://hoc24.vn/ly-thuyet/bai-15-dac-diem-tu-nhien-moi-truong-va-tai-nguyen-vung-bien-dao-viet-nam.750525,hoc24
Tính cách và cảm xúc của tôi,Hoạt động trải nghiệm – hướng nghiệp,8,Kết Nối Tri Thức Với Cuộc Sống,https://hoc24.vn/ly-thuyet/bai-1-tinh-cach-va-cam-xuc-cua-toi.737423,hoc24
Tham gia các hoạt động giáo dục truyền thống và phát triển cộng đồng ở địa phương,Hoạt động trải nghiệm – hướng nghiệp,8,Kết Nối Tri Thức Với Cuộc Sống,https://hoc24.vn/ly-thuyet/bai-1-tham-gia-cac-hoat-dong-giao-duc-truyen-thong-va-phat-trien-cong-dong-o-dia-phuong.738069,hoc24
Lập và thực hiện kế hoạch hoạt động thiện nguyện,Hoạt động trải nghiệm – hướng nghiệp,8,Kết Nối Tri Thức Với Cuộc Sống,https://hoc24.vn/ly-thuyet/bai-2-lap-va-thuc-hien-ke-hoach-hoat-dong-thien-nguyen.738134,hoc24
1: Khám phá một số đặc điểm của bản thân,Hoạt động trải nghiệm – hướng nghiệp,8,Chân Trời Sáng Tạo,https://hoc24.vn/ly-thuyet/chu-de-1-kham-pha-mot-so-dac-diem-cua-ban-than.738737,hoc24
6: Tham gia hoạt động phát triển cộng đồng,Hoạt động trải nghiệm – hướng nghiệp,8,Chân Trời Sáng Tạo,https://hoc24.vn/ly-thuyet/chu-de-6-tham-gia-hoat-dong-phat-trien-cong-dong.739129,hoc24
1: Rèn luyện một số nét tính cách cá nhân,Hoạt động trải nghiệm – hướng nghiệp,8,Chân Trời Sáng Tạo,https://hoc24.vn/ly-thuyet/chu-de-1-ren-luyen-mot-so-net-tinh-cach-ca-nhan.739389,hoc24
Đòn bẩy và ứng dụng,Vật lý,8,Kết Nối Tri Thức Với Cuộc Sống,https://hoc24.vn/ly-thuyet/bai-19-don-bay-va-ung-dung.1709674,hoc24
Ứng dụng của nam châm,Vật lý,9,Chương trình cũ,https://hoc24.vn/ly-thuyet/bai-26-ung-dung-cua-nam-cham.2035,hoc24
Vai trò của điện năng - Nhiệt điện và thủy điện,Vật lý,9,Chương trình cũ,https://hoc24.vn/ly-thuyet/bai-61-vai-tro-cua-dien-nang-nhiet-dien-va-thuy-dien.4229,hoc24
Sự oxi hóa. Phản ứng hóa hợp. Ứng dụng của oxi,Hóa học,8,Chương trình cũ,https://hoc24.vn/ly-thuyet/bai-25-su-oxi-hoa-phan-ung-hoa-hop-ung-dung-cua-oxi.434,hoc24
Tính chất - Ứng dụng của Hiđro,Hóa học,8,Chương trình cũ,https://hoc24.vn/ly-thuyet/bai-31-tinh-chat-ung-dung-cua-hidro.440,hoc24
Tính chất hóa học của oxit. Khái quát về sự phân loại oxit,Hóa học,9,Chương trình cũ,https://hoc24.vn/ly-thuyet/bai-1-tinh-chat-hoa-hoc-cua-oxit-khai-quat-ve-su-phan-loai-oxit.477,hoc24
Dãy hoạt động hóa học của kim loại,Hóa học,9,Chương trình cũ,https://hoc24.vn/ly-thuyet/bai-17-day-hoat-dong-hoa-hoc-cua-kim-loai.493,hoc24
Cấu tạo phân tử hợp chất hữu cơ,Hóa học,9,Chương trình cũ,https://hoc24.vn/ly-thuyet/bai-35-cau-tao-phan-tu-hop-chat-huu-co.511,hoc24
Đề kiểm tra 1 tiết Cấu tạo chất hữu cơ-Metan-Etilen-Axetilen: Đề 1,Hóa học,9,Chương trình cũ,https://hoc24.vn/ly-thuyet/de-kiem-tra-1-tiet-cau-tao-chat-huu-co-metan-etilen-axetilen-de-1.5627,hoc24
Đề kiểm tra 1 tiết Cấu tạo chất hữu cơ-Metan-Etilen-Axetilen: Đề 2,Hóa học,9,Chương trình cũ,https://hoc24.vn/ly-thuyet/de-kiem-tra-1-tiet-cau-tao-chat-huu-co-metan-etilen-axetilen-de-2.5628,hoc24
Vai trò của bản vẽ kĩ thuật sản xuất và đời sống,Công nghệ,8,Chương trình cũ,https://hoc24.vn/ly-thuyet/bai-1-vai-tro-cua-ban-ve-ki-thuat-san-xuat-va-doi-song.3352,hoc24
Khái niệm về bản vẽ kĩ thuật - Hình cắt,Công nghệ,8,Chương trình cũ,https://hoc24.vn/ly-thuyet/bai-8-khai-niem-ve-ban-ve-ki-thuat-hinh-cat.3359,hoc24
Ôn tập chương Vẽ kĩ thuật,Công nghệ,8,Chương trình cũ,https://hoc24.vn/ly-thuyet/on-tap-chuong-ve-ki-thuat.78250,hoc24
Vai trò của cơ khí trong sản xuất và trong đời sống,Công nghệ,8,Chương trình cũ,https://hoc24.vn/ly-thuyet/bai-17-vai-tro-cua-co-khi-trong-san-xuat-va-trong-doi-song.5733,hoc24
Vai trò của điện năng trong sản xuất và đời sống,Công nghệ,8,Chương trình cũ,https://hoc24.vn/ly-thuyet/bai-32-vai-tro-cua-dien-nang-trong-san-xuat-va-doi-song.3377,hoc24
Vật liệu kĩ thuật điện,Công nghệ,8,Chương trình cũ,https://hoc24.vn/ly-thuyet/bai-36-vat-lieu-ki-thuat-dien.3380,hoc24
Phân loại và số liệu kỹ thuật của đồ dùng điện,Công nghệ,8,Chương trình cũ,https://hoc24.vn/ly-thuyet/bai-37-phan-loai-va-so-lieu-ky-thuat-cua-do-dung-dien.5738,hoc24
Đặc điểm và cấu tạo của mạng điện trong nhà,Công nghệ,8,Chương trình cũ,https://hoc24.vn/ly-thuyet/bai-50-dac-diem-va-cau-tao-cua-mang-dien-trong-nha.3389,hoc24
Thiết bị đóng-cắt và lấy điện của mạng điện trong nhà,Công nghệ,8,Chương trình cũ,https://hoc24.vn/ly-thuyet/bai-51-thiet-bi-dong-cat-va-lay-dien-cua-mang-dien-trong-nha.3390,hoc24
Thiết bị bảo vệ của mạng điện trong nhà,Công nghệ,8,Chương trình cũ,https://hoc24.vn/ly-thuyet/bai-53-thiet-bi-bao-ve-cua-mang-dien-trong-nha.3391,hoc24
Thực hành - Vẽ sơ đồ nguyên lí mạch điện,Công nghệ,8,Chương trình cũ,https://hoc24.vn/ly-thuyet/bai-56-thuc-hanh-ve-so-do-nguyen-li-mach-dien.5744,hoc24
Thiết kế mạch điện,Công nghệ,8,Chương trình cũ,https://hoc24.vn/ly-thuyet/bai-58-thiet-ke-mach-dien.5746,hoc24
Thực hành - Thiết kế mạch điện,Công nghệ,8,Chương trình cũ,https://hoc24.vn/ly-thuyet/bai-59-thuc-hanh-thiet-ke-mach-dien.5747,hoc24
Ôn tập chương Kĩ thuật điện,Công nghệ,8,Chương trình cũ,https://hoc24.vn/ly-thuyet/on-tap-chuong-ki-thuat-dien.99967,hoc24
Tiêu chuẩn trình bày bản vẽ kĩ thuật,Công nghệ,8,Cánh Diều,https://hoc24.vn/ly-thuyet/bai-1-tieu-chuan-trinh-bay-ban-ve-ki-thuat.734885,hoc24
Một số phương pháp gia công cơ khí bằng tay,Công nghệ,8,Cánh Diều,https://hoc24.vn/ly-thuyet/bai-7-mot-so-phuong-phap-gia-cong-co-khi-bang-tay.735406,hoc24
Nguyên nhân gây ra tai nạn điện và biện pháp an toàn điện,Công nghệ,8,Cánh Diều,https://hoc24.vn/ly-thuyet/bai-10-nguyen-nhan-gay-ra-tai-nan-dien-va-bien-phap-an-toan-dien.735640,hoc24
Một số ngành nghề kĩ thuật điện phổ biến,Công nghệ,8,Cánh Diều,https://hoc24.vn/ly-thuyet/bai-15-mot-so-nganh-nghe-ki-thuat-dien-pho-bien.735996,hoc24
Khái quát chung về thiết kế kĩ thuật,Công nghệ,8,Cánh Diều,https://hoc24.vn/ly-thuyet/bai-16-khai-quat-chung-ve-thiet-ke-ki-thuat.736179,hoc24
Dự án: Thiết kế giá đọc sách,Công nghệ,8,Cánh Diều,https://hoc24.vn/ly-thuyet/bai-18-du-an-thiet-ke-gia-doc-sach.736312,hoc24
Các bước thiết kế kĩ thuật,Công nghệ,8,Cánh Diều,https://hoc24.vn/ly-thuyet/bai-17-cac-buoc-thiet-ke-ki-thuat.1622206,hoc24
Một số tiêu chuẩn trình bày bản vẽ kĩ thuật,Công nghệ,8,Kết Nối Tri Thức Với Cuộc Sống,https://hoc24.vn/ly-thuyet/bai-1-mot-so-tieu-chuan-trinh-bay-ban-ve-ki-thuat.672699,hoc24
Ngành nghề trong lĩnh vực kĩ thuật điện,Công nghệ,8,Kết Nối Tri Thức Với Cuộc Sống,https://hoc24.vn/ly-thuyet/bai-17-nganh-nghe-trong-linh-vuc-ki-thuat-dien.674071,hoc24
Giới thiệu về thiết kế kĩ thuật,Công nghệ,8,Kết Nối Tri Thức Với Cuộc Sống,https://hoc24.vn/ly-thuyet/bai-18-gioi-thieu-ve-thiet-ke-ki-thuat.674242,hoc24
Các bước cơ bản trong thiết kế kĩ thuật,Công nghệ,8,Kết Nối Tri Thức Với Cuộc Sống,https://hoc24.vn/ly-thuyet/bai-19-cac-buoc-co-ban-trong-thiet-ke-ki-thuat.674328,hoc24
Dự án: Thiết kế hệ thống tưới cây tự động,Công nghệ,8,Kết Nối Tri Thức Với Cuộc Sống,https://hoc24.vn/ly-thuyet/bai-20-du-an-thiet-ke-he-thong-tuoi-cay-tu-dong.674402,hoc24
Bản vẽ kĩ thuật,Công nghệ,8,Chân Trời Sáng Tạo,https://hoc24.vn/ly-thuyet/bai-3-ban-ve-ki-thuat.708769,hoc24
Dự án 1: Thiết kế và lắp ráp mô hình cánh tay tô bốt thủy lực,Công nghệ,8,Chân Trời Sáng Tạo,https://hoc24.vn/ly-thuyet/du-an-1-thiet-ke-va-lap-rap-mo-hinh-canh-tay-to-bot-thuy-luc.1499085,hoc24
Ngành nghề phổ biến trong lĩnh vực kĩ thuật điện,Công nghệ,8,Chân Trời Sáng Tạo,https://hoc24.vn/ly-thuyet/bai-12-nganh-nghe-pho-bien-trong-linh-vuc-ki-thuat-dien.709728,hoc24
Đại cương về thiết kế kĩ thuật,Công nghệ,8,Chân Trời Sáng Tạo,https://hoc24.vn/ly-thuyet/bai-13-dai-cuong-ve-thiet-ke-ki-thuat.709953,hoc24
Quy trình thiết kế kĩ thuật,Công nghệ,8,Chân Trời Sáng Tạo,https://hoc24.vn/ly-thuyet/bai-14-quy-trinh-thiet-ke-ki-thuat.710043,hoc24
Dự án 2: Thiết kế mô hình bồn rửa tay tự động,Công nghệ,8,Chân Trời Sáng Tạo,https://hoc24.vn/ly-thuyet/du-an-2-thiet-ke-mo-hinh-bon-rua-tay-tu-dong.1499013,hoc24
Vật liệu điện dùng trong lắp đặt mạng điện trong nhà,Công nghệ,9,Chương trình cũ,https://hoc24.vn/ly-thuyet/bai-2-vat-lieu-dien-dung-trong-lap-dat-mang-dien-trong-nha.5696,hoc24
Dụng cụ dùng trong lắp đặt mạng điện,Công nghệ,9,Chương trình cũ,https://hoc24.vn/ly-thuyet/bai-3-dung-cu-dung-trong-lap-dat-mang-dien.5697,hoc24
Lắp đặt dây dẫn của mạng điện trong nhà,Công nghệ,9,Chương trình cũ,https://hoc24.vn/ly-thuyet/bai-11-lap-dat-day-dan-cua-mang-dien-trong-nha.5705,hoc24
Kiểm tra an toàn mạng điện trong nhà,Công nghệ,9,Chương trình cũ,https://hoc24.vn/ly-thuyet/bai-12-kiem-tra-an-toan-mang-dien-trong-nha.5706,hoc24
Cấu tạo của xe đạp,Công nghệ,9,Chương trình cũ,https://hoc24.vn/ly-thuyet/bai-2-cau-tao-cua-xe-dap.5709,hoc24
Nguyên lí hoạt động của xe đạp,Công nghệ,9,Chương trình cũ,https://hoc24.vn/ly-thuyet/bai-3-nguyen-li-hoat-dong-cua-xe-dap.5710,hoc24
Giới thiệu nghề trồng cây ăn quả,Công nghệ,9,Chương trình cũ,https://hoc24.vn/ly-thuyet/bai-1-gioi-thieu-nghe-trong-cay-an-qua.5716,hoc24
Các phương pháp nhân giống cây ăn quả,Công nghệ,9,Chương trình cũ,https://hoc24.vn/ly-thuyet/bai-3-cac-phuong-phap-nhan-giong-cay-an-qua.5718,hoc24
Kỹ thuật trồng cây ăn quả có múi,Công nghệ,9,Chương trình cũ,https://hoc24.vn/ly-thuyet/bai-7-ky-thuat-trong-cay-an-qua-co-mui.5722,hoc24
Kỹ thuật trồng cây nhãn,Công nghệ,9,Chương trình cũ,https://hoc24.vn/ly-thuyet/bai-8-ky-thuat-trong-cay-nhan.5723,hoc24
Kỹ thuật trồng cây vải,Công nghệ,9,Chương trình cũ,https://hoc24.vn/ly-thuyet/bai-9-ky-thuat-trong-cay-vai.5724,hoc24
Kỹ thuật trồng cây xoài,Công nghệ,9,Chương trình cũ,https://hoc24.vn/ly-thuyet/bai-10-ky-thuat-trong-cay-xoai.5725,hoc24
Kỹ thuật trồng cây chôm chôm,Công nghệ,9,Chương trình cũ,https://hoc24.vn/ly-thuyet/bai-11-ky-thuat-trong-cay-chom-chom.5726,hoc24
Thực hành trồng cây ăn quả,Công nghệ,9,Chương trình cũ,https://hoc24.vn/ly-thuyet/bai-13-thuc-hanh-trong-cay-an-qua.5728,hoc24
"Nghề nghiệp trong lĩnh vực kĩ thuật, công nghệ",Công nghệ,9,Cánh Diều,https://hoc24.vn/ly-thuyet/bai-1-nghe-nghiep-trong-linh-vuc-ki-thuat-cong-nghe.1390325,hoc24
"Giáo dục kĩ thuật, công nghệ trong hệ thống giáo dục quốc dân",Công nghệ,9,Cánh Diều,https://hoc24.vn/ly-thuyet/bai-2-giao-duc-ki-thuat-cong-nghe-trong-he-thong-giao-duc-quoc-dan.1390410,hoc24
"Thị trường lao động kĩ thuật, công nghệ tại Việt Nam",Công nghệ,9,Cánh Diều,https://hoc24.vn/ly-thuyet/bai-3-thi-truong-lao-dong-ki-thuat-cong-nghe-tai-viet-nam.1390495,hoc24
"Lựa chọn nghề nghiệp trong lĩnh vực kĩ thuật, công nghệ",Công nghệ,9,Cánh Diều,https://hoc24.vn/ly-thuyet/bai-5-lua-chon-nghe-nghiep-trong-linh-vuc-ki-thuat-cong-nghe.1390628,hoc24
"Dự án Đánh giá mức độ phù hợp với ngành nghề thuộc lĩnh vực kĩ thuật, công nghệ",Công nghệ,9,Cánh Diều,https://hoc24.vn/ly-thuyet/bai-6-du-an-danh-gia-muc-do-phu-hop-voi-nganh-nghe-thuoc-linh-vuc-ki-thuat-cong-nghe.1390705,hoc24
"Thiết bị, vật liệu, dụng cụ dùng cho lắp đặt mạng điện trong nhà",Công nghệ,9,Cánh Diều,https://hoc24.vn/ly-thuyet/bai-3-thiet-bi-vat-lieu-dung-cu-dung-cho-lap-dat-mang-dien-trong-nha.1391065,hoc24
Thiết kế mạng điện trong nhà,Công nghệ,9,Cánh Diều,https://hoc24.vn/ly-thuyet/bai-4-thiet-ke-mang-dien-trong-nha.1391146,hoc24
Tính toán chi phí cho mạng điện trong nhà,Công nghệ,9,Cánh Diều,https://hoc24.vn/ly-thuyet/bai-5-tinh-toan-chi-phi-cho-mang-dien-trong-nha.1391235,hoc24
Thực hành lắp đặt mạng điện trong nhà,Công nghệ,9,Cánh Diều,https://hoc24.vn/ly-thuyet/bai-6-thuc-hanh-lap-dat-mang-dien-trong-nha.1391326,hoc24
Một số ngành nghề liên quan đến lắp đặt mạng điện trong nhà,Công nghệ,9,Cánh Diều,https://hoc24.vn/ly-thuyet/bai-7-mot-so-nganh-nghe-lien-quan-den-lap-dat-mang-dien-trong-nha.1391423,hoc24
Đặc điểm chung của cây ăn quả,Công nghệ,9,Cánh Diều,https://hoc24.vn/ly-thuyet/bai-1-dac-diem-chung-cua-cay-an-qua.1391729,hoc24
Nhân giống vô tính cây ăn quả và thực hành nhân giống cây ăn quả bằng phương pháp ghép đoạn cành,Công nghệ,9,Cánh Diều,https://hoc24.vn/ly-thuyet/bai-2-nhan-giong-vo-tinh-cay-an-qua-va-thuc-hanh-nhan-giong-cay-an-qua-bang-phuong-phap-ghep-doan-canh.1391904,hoc24
Thực hành nhân giống cây ăn quả bằng phương pháp giâm cành,Công nghệ,9,Cánh Diều,https://hoc24.vn/ly-thuyet/bai-3-thuc-hanh-nhan-giong-cay-an-qua-bang-phuong-phap-giam-canh.1391979,hoc24
Thực hành nhân giống cây ăn quả bằng phương pháp chiết cành,Công nghệ,9,Cánh Diều,https://hoc24.vn/ly-thuyet/bai-4-thuc-hanh-nhan-giong-cay-an-qua-bang-phuong-phap-chiet-canh.1392042,hoc24
Kĩ thuật trồng và chăm sóc cây xoài,Công nghệ,9,Cánh Diều,https://hoc24.vn/ly-thuyet/bai-5-ki-thuat-trong-va-cham-soc-cay-xoai.1392220,hoc24
Kĩ thuật trồng và chăm sóc cây thanh long,Công nghệ,9,Cánh Diều,https://hoc24.vn/ly-thuyet/bai-6-ki-thuat-trong-va-cham-soc-cay-thanh-long.1392318,hoc24
Kĩ thuật trồng và chăm sóc cây nhãn,Công nghệ,9,Cánh Diều,https://hoc24.vn/ly-thuyet/bai-7-ki-thuat-trong-va-cham-soc-cay-nhan.1392374,hoc24
Kĩ thuật trồng và chăm sóc cây ăn quả có múi,Công nghệ,9,Cánh Diều,https://hoc24.vn/ly-thuyet/bai-8-ki-thuat-trong-va-cham-soc-cay-an-qua-co-mui.1392454,hoc24
Kĩ thuật trồng và chăm sóc cây chuối,Công nghệ,9,Cánh Diều,https://hoc24.vn/ly-thuyet/bai-9-ki-thuat-trong-va-cham-soc-cay-chuoi.1392550,hoc24
Thực hành trồng và chăm sóc cây ăn quả,Công nghệ,9,Cánh Diều,https://hoc24.vn/ly-thuyet/bai-10-thuc-hanh-trong-va-cham-soc-cay-an-qua.1392636,hoc24
Tính chi phí và hiệu quả của việc trồng cây ăn quả,Công nghệ,9,Cánh Diều,https://hoc24.vn/ly-thuyet/bai-11-tinh-chi-phi-va-hieu-qua-cua-viec-trong-cay-an-qua.1392714,hoc24
Một số ngành nghề liên quan đến trồng cây ăn quả,Công nghệ,9,Cánh Diều,https://hoc24.vn/ly-thuyet/bai-12-mot-so-nganh-nghe-lien-quan-den-trong-cay-an-qua.1392853,hoc24
Vai trò của các chất dinh dưỡng trong thực phẩm,Công nghệ,9,Cánh Diều,https://hoc24.vn/ly-thuyet/bai-1-vai-tro-cua-cac-chat-dinh-duong-trong-thuc-pham.1393157,hoc24
Nghề nghiệp trong lĩnh vực kĩ thuật và công nghệ,Công nghệ,9,Kết Nối Tri Thức Với Cuộc Sống,https://hoc24.vn/ly-thuyet/bai-1-nghe-nghiep-trong-linh-vuc-ki-thuat-va-cong-nghe.1376574,hoc24
Cơ cấu hệ thống giáo dục quốc dân,Công nghệ,9,Kết Nối Tri Thức Với Cuộc Sống,https://hoc24.vn/ly-thuyet/bai-2-co-cau-he-thong-giao-duc-quoc-dan.1376510,hoc24
"Dự án: Tự đánh giá mức độ phù hợp của bản thân với một số ngành nghề trong lĩnh vực kĩ thuật, công nghệ",Công nghệ,9,Kết Nối Tri Thức Với Cuộc Sống,https://hoc24.vn/ly-thuyet/bai-5-du-an-tu-danh-gia-muc-do-phu-hop-cua-ban-than-voi-mot-so-nganh-nghe-trong-linh-vuc-ki-thuat-cong-nghe.1374519,hoc24
"Vật liệu, thiết bị và dụng cụ dùng cho lắp đặt mạng điện trong nhà",Công nghệ,9,Kết Nối Tri Thức Với Cuộc Sống,https://hoc24.vn/ly-thuyet/bai-4-vat-lieu-thiet-bi-va-dung-cu-dung-cho-lap-dat-mang-dien-trong-nha.1385486,hoc24
Tính toán chi phí mạng điện trong nhà,Công nghệ,9,Kết Nối Tri Thức Với Cuộc Sống,https://hoc24.vn/ly-thuyet/bai-5-tinh-toan-chi-phi-mang-dien-trong-nha.1385430,hoc24
Thực hành: Lắp đặt mạng điện trong nhà,Công nghệ,9,Kết Nối Tri Thức Với Cuộc Sống,https://hoc24.vn/ly-thuyet/bai-6-thuc-hanh-lap-dat-mang-dien-trong-nha.1385351,hoc24
Kĩ thuật trồng và chăm sóc cây sầu riêng,Công nghệ,9,Kết Nối Tri Thức Với Cuộc Sống,https://hoc24.vn/ly-thuyet/bai-6-ki-thuat-trong-va-cham-soc-cay-sau-rieng.1386799,hoc24
Dự án: Trồng cây ăn quả,Công nghệ,9,Kết Nối Tri Thức Với Cuộc Sống,https://hoc24.vn/ly-thuyet/bai-8-du-an-trong-cay-an-qua.1386959,hoc24
"1. Nghề nghiệp trong lĩnh vực kĩ thuật, công nghệ",Công nghệ,9,Chân Trời Sáng Tạo,https://hoc24.vn/ly-thuyet/chu-de-1-nghe-nghiep-trong-linh-vuc-ki-thuat-cong-nghe.1402858,hoc24
"2. Giáo dục kĩ thuật, công nghệ trong hệ thống giáo dục quốc dân",Công nghệ,9,Chân Trời Sáng Tạo,https://hoc24.vn/ly-thuyet/chu-de-2-giao-duc-ki-thuat-cong-nghe-trong-he-thong-giao-duc-quoc-dan.1402912,hoc24
"3. Thị trường lao động kĩ thuật, công nghệ tại Việt Nam",Công nghệ,9,Chân Trời Sáng Tạo,https://hoc24.vn/ly-thuyet/chu-de-3-thi-truong-lao-dong-ki-thuat-cong-nghe-tai-viet-nam.1403010,hoc24
"4. Lựa chọn nghề nghiệp trong lĩnh vực kĩ thuật, công nghệ",Công nghệ,9,Chân Trời Sáng Tạo,https://hoc24.vn/ly-thuyet/chu-de-4-lua-chon-nghe-nghiep-trong-linh-vuc-ki-thuat-cong-nghe.1403069,hoc24
3. Thiết kế mạng điện trong nhà,Công nghệ,9,Chân Trời Sáng Tạo,https://hoc24.vn/ly-thuyet/chu-de-3-thiet-ke-mang-dien-trong-nha.1403524,hoc24
"4. Thiết bị, vật liệu, dụng cụ dùng cho lắp đặt mạng điện trong nhà",Công nghệ,9,Chân Trời Sáng Tạo,https://hoc24.vn/ly-thuyet/chu-de-4-thiet-bi-vat-lieu-dung-cu-dung-cho-lap-dat-mang-dien-trong-nha.1403595,hoc24
5. Tính toán chi phí cho mạng điện trong nhà đơn giản,Công nghệ,9,Chân Trời Sáng Tạo,https://hoc24.vn/ly-thuyet/chu-de-5-tinh-toan-chi-phi-cho-mang-dien-trong-nha-don-gian.1403688,hoc24
6. Thực hành lắp đặt mạng điện trong nhà,Công nghệ,9,Chân Trời Sáng Tạo,https://hoc24.vn/ly-thuyet/chu-de-6-thuc-hanh-lap-dat-mang-dien-trong-nha.1403761,hoc24
7. Một số ngành nghề liên quan đến lắp đặt mạng điện trong nhà,Công nghệ,9,Chân Trời Sáng Tạo,https://hoc24.vn/ly-thuyet/chu-de-7-mot-so-nganh-nghe-lien-quan-den-lap-dat-mang-dien-trong-nha.1403840,hoc24
3. Thiết kế mạch điện ứng dụng công nghệ tưới tiêu tự động trong trồng trọt,Công nghệ,9,Chân Trời Sáng Tạo,https://hoc24.vn/ly-thuyet/chu-de-3-thiet-ke-mach-dien-ung-dung-cong-nghe-tuoi-tieu-tu-dong-trong-trong-trot.1404298,hoc24
4. Thực hành lắp đặt mạch điện ứng dụng công nghệ tưới tiêu tự động trong trồng trọt,Công nghệ,9,Chân Trời Sáng Tạo,https://hoc24.vn/ly-thuyet/chu-de-4-thuc-hanh-lap-dat-mach-dien-ung-dung-cong-nghe-tuoi-tieu-tu-dong-trong-trong-trot.1404390,hoc24
Tích cực tham gia các hoạt động chính trị - xã hội,Giáo dục công dân,8,Chương trình cũ,https://hoc24.vn/ly-thuyet/bai-7-tich-cuc-tham-gia-cac-hoat-dong-chinh-tri-xa-hoi.3051,hoc24